index,resid,resname,structure,phi,psi,omega,rgyr
0,17,ILE,E,-128.9705352783203,135.92227172851562,179.8340606689453,2.276962995529175
1,19,PHE,E,-128.30465698242188,119.76545715332031,179.73878479003906,2.7349960803985596
2,28,VAL,H,-70.32777404785156,-48.989620208740234,179.5020751953125,2.050771951675415
3,31,LYS,H,-67.05167388916016,-47.608612060546875,-179.94635009765625,2.7001500129699707
4,34,THR,H,-71.67974853515625,-45.07763671875,-179.51931762695312,1.9959063529968262
5,35,VAL,H,-60.14247131347656,-50.194313049316406,-179.6907958984375,2.0519752502441406
6,36,PHE,H,-82.33369445800781,-25.235170364379883,-179.46917724609375,2.687946081161499
7,37,GLY,C,78.04659271240234,22.054180145263672,-179.9492645263672,1.5353045463562012
8,77,ILE,E,-129.5927276611328,132.25473022460938,179.96310424804688,2.274217128753662
